Release, Total, TP, FN, TN, FOR, noise, Recall, Total Releases,Relative,Project
2,0.0,0.0,0.0,0.0,/0,/0,/0,22,0.047619047619047616,BOOKKEEPER
3,296.0,76.0,59.0,161.0,0.2681818181818182,0.19932432432432431,0.562962962962963,22,0.09523809523809523,BOOKKEEPER
4,735.0,140.0,131.0,464.0,0.22016806722689075,0.1782312925170068,0.5166051660516605,22,0.14285714285714285,BOOKKEEPER
5,735.0,187.0,84.0,464.0,0.15328467153284672,0.11428571428571428,0.6900369003690037,22,0.19047619047619047,BOOKKEEPER
6,735.0,202.0,69.0,464.0,0.1294559099437148,0.09387755102040816,0.7453874538745388,22,0.2380952380952381,BOOKKEEPER
7,735.0,246.0,25.0,464.0,0.05112474437627812,0.034013605442176874,0.9077490774907749,22,0.2857142857142857,BOOKKEEPER
8,735.0,258.0,13.0,464.0,0.027253668763102725,0.017687074829931974,0.9520295202952029,22,0.3333333333333333,BOOKKEEPER
9,735.0,258.0,13.0,464.0,0.027253668763102725,0.017687074829931974,0.9520295202952029,22,0.3809523809523809,BOOKKEEPER
10,735.0,259.0,12.0,464.0,0.025210084033613446,0.0163265306122449,0.955719557195572,22,0.42857142857142855,BOOKKEEPER
11,735.0,261.0,10.0,464.0,0.02109704641350211,0.013605442176870748,0.9630996309963099,22,0.4761904761904762,BOOKKEEPER
12,735.0,271.0,0.0,464.0,0.0,0.0,1.0,22,0.5238095238095238,BOOKKEEPER
13,735.0,271.0,0.0,464.0,0.0,0.0,1.0,22,0.5714285714285714,BOOKKEEPER
14,735.0,271.0,0.0,464.0,0.0,0.0,1.0,22,0.6190476190476191,BOOKKEEPER
15,735.0,271.0,0.0,464.0,0.0,0.0,1.0,22,0.6666666666666666,BOOKKEEPER
16,735.0,271.0,0.0,464.0,0.0,0.0,1.0,22,0.7142857142857143,BOOKKEEPER
17,735.0,271.0,0.0,464.0,0.0,0.0,1.0,22,0.7619047619047619,BOOKKEEPER
18,735.0,271.0,0.0,464.0,0.0,0.0,1.0,22,0.8095238095238095,BOOKKEEPER
19,735.0,271.0,0.0,464.0,0.0,0.0,1.0,22,0.8571428571428571,BOOKKEEPER
20,735.0,271.0,0.0,464.0,0.0,0.0,1.0,22,0.9047619047619048,BOOKKEEPER
21,735.0,271.0,0.0,464.0,0.0,0.0,1.0,22,0.9523809523809524,BOOKKEEPER
22,735.0,271.0,0.0,464.0,0.0,0.0,1.0,22,1.0,BOOKKEEPER
2,0.0,0.0,0.0,0.0,/0,/0,/0,118,0.008547008547008548,CONNECTORS
3,789.0,48.0,100.0,641.0,0.1349527665317139,0.1267427122940431,0.32432432432432434,118,0.017094017094017096,CONNECTORS
4,1594.0,48.0,227.0,1319.0,0.14683053040103494,0.1424090338770389,0.17454545454545456,118,0.02564102564102564,CONNECTORS
5,2399.0,48.0,354.0,1997.0,0.15057422373458104,0.14756148395164653,0.11940298507462686,118,0.034188034188034185,CONNECTORS
6,3204.0,48.0,481.0,2675.0,0.15240811153358683,0.15012484394506867,0.09073724007561437,118,0.042735042735042736,CONNECTORS
7,4009.0,48.0,608.0,3353.0,0.1534965917697551,0.15165876777251186,0.07317073170731707,118,0.05128205128205128,CONNECTORS
8,4815.0,48.0,736.0,4031.0,0.15439479756660374,0.15285565939771548,0.061224489795918366,118,0.059829059829059825,CONNECTORS
9,4815.0,48.0,736.0,4031.0,0.15439479756660374,0.15285565939771548,0.061224489795918366,118,0.06837606837606837,CONNECTORS
10,4815.0,48.0,736.0,4031.0,0.15439479756660374,0.15285565939771548,0.061224489795918366,118,0.07692307692307693,CONNECTORS
11,4815.0,48.0,736.0,4031.0,0.15439479756660374,0.15285565939771548,0.061224489795918366,118,0.08547008547008547,CONNECTORS
12,4815.0,53.0,731.0,4031.0,0.15350692986140277,0.15181723779854622,0.06760204081632654,118,0.09401709401709403,CONNECTORS
13,4815.0,53.0,731.0,4031.0,0.15350692986140277,0.15181723779854622,0.06760204081632654,118,0.10256410256410256,CONNECTORS
14,4815.0,233.0,551.0,4031.0,0.12025316455696203,0.11443406022845275,0.2971938775510204,118,0.1111111111111111,CONNECTORS
15,4815.0,233.0,551.0,4031.0,0.12025316455696203,0.11443406022845275,0.2971938775510204,118,0.11965811965811965,CONNECTORS
16,4815.0,238.0,546.0,4031.0,0.11929211273760106,0.1133956386292835,0.30357142857142855,118,0.1282051282051282,CONNECTORS
17,4815.0,238.0,546.0,4031.0,0.11929211273760106,0.1133956386292835,0.30357142857142855,118,0.13675213675213674,CONNECTORS
18,4815.0,254.0,530.0,4031.0,0.11620258715194036,0.11007268951194185,0.3239795918367347,118,0.1452991452991453,CONNECTORS
19,4815.0,254.0,530.0,4031.0,0.11620258715194036,0.11007268951194185,0.3239795918367347,118,0.15384615384615385,CONNECTORS
20,4815.0,254.0,530.0,4031.0,0.11620258715194036,0.11007268951194185,0.3239795918367347,118,0.1623931623931624,CONNECTORS
21,4815.0,265.0,519.0,4031.0,0.11406593406593407,0.10778816199376948,0.3380102040816326,118,0.17094017094017094,CONNECTORS
22,4815.0,265.0,519.0,4031.0,0.11406593406593407,0.10778816199376948,0.3380102040816326,118,0.1794871794871795,CONNECTORS
23,4815.0,265.0,519.0,4031.0,0.11406593406593407,0.10778816199376948,0.3380102040816326,118,0.18803418803418806,CONNECTORS
24,4815.0,265.0,519.0,4031.0,0.11406593406593407,0.10778816199376948,0.3380102040816326,118,0.19658119658119655,CONNECTORS
25,4815.0,271.0,513.0,4031.0,0.11289612676056338,0.10654205607476636,0.34566326530612246,118,0.20512820512820512,CONNECTORS
26,4815.0,271.0,513.0,4031.0,0.11289612676056338,0.10654205607476636,0.34566326530612246,118,0.21367521367521367,CONNECTORS
27,4815.0,307.0,477.0,4031.0,0.10581188997338066,0.09906542056074766,0.39158163265306123,118,0.2222222222222222,CONNECTORS
28,4815.0,307.0,477.0,4031.0,0.10581188997338066,0.09906542056074766,0.39158163265306123,118,0.2307692307692308,CONNECTORS
29,4815.0,348.0,436.0,4031.0,0.09760465636892769,0.0905503634475597,0.44387755102040816,118,0.2393162393162393,CONNECTORS
30,4815.0,348.0,436.0,4031.0,0.09760465636892769,0.0905503634475597,0.44387755102040816,118,0.2478632478632479,CONNECTORS
31,4815.0,348.0,436.0,4031.0,0.09760465636892769,0.0905503634475597,0.44387755102040816,118,0.2564102564102564,CONNECTORS
32,4815.0,348.0,436.0,4031.0,0.09760465636892769,0.0905503634475597,0.44387755102040816,118,0.26495726495726496,CONNECTORS
33,4815.0,348.0,436.0,4031.0,0.09760465636892769,0.0905503634475597,0.44387755102040816,118,0.27350427350427353,CONNECTORS
34,4815.0,533.0,251.0,4031.0,0.05861746847267632,0.05212876427829699,0.6798469387755102,118,0.28205128205128205,CONNECTORS
35,4815.0,533.0,251.0,4031.0,0.05861746847267632,0.05212876427829699,0.6798469387755102,118,0.2905982905982906,CONNECTORS
36,4815.0,538.0,246.0,4031.0,0.05751695113397241,0.05109034267912772,0.6862244897959183,118,0.29914529914529914,CONNECTORS
37,4815.0,585.0,199.0,4031.0,0.047044917257683214,0.04132917964693666,0.7461734693877551,118,0.3076923076923077,CONNECTORS
38,4815.0,585.0,199.0,4031.0,0.047044917257683214,0.04132917964693666,0.7461734693877551,118,0.3162393162393162,CONNECTORS
39,4815.0,585.0,199.0,4031.0,0.047044917257683214,0.04132917964693666,0.7461734693877551,118,0.3247863247863248,CONNECTORS
40,4815.0,681.0,103.0,4031.0,0.024915336236090952,0.021391484942886813,0.8686224489795918,118,0.3333333333333333,CONNECTORS
41,4815.0,681.0,103.0,4031.0,0.024915336236090952,0.021391484942886813,0.8686224489795918,118,0.3418803418803419,CONNECTORS
42,4815.0,681.0,103.0,4031.0,0.024915336236090952,0.021391484942886813,0.8686224489795918,118,0.3504273504273504,CONNECTORS
43,4815.0,681.0,103.0,4031.0,0.024915336236090952,0.021391484942886813,0.8686224489795918,118,0.35897435897435903,CONNECTORS
44,4815.0,681.0,103.0,4031.0,0.024915336236090952,0.021391484942886813,0.8686224489795918,118,0.3675213675213676,CONNECTORS
45,4815.0,681.0,103.0,4031.0,0.024915336236090952,0.021391484942886813,0.8686224489795918,118,0.3760683760683761,CONNECTORS
46,4815.0,687.0,97.0,4031.0,0.023498062015503876,0.020145379023883695,0.8762755102040817,118,0.38461538461538464,CONNECTORS
47,4815.0,693.0,91.0,4031.0,0.022076661814653082,0.01889927310488058,0.8839285714285714,118,0.3931623931623932,CONNECTORS
48,4815.0,705.0,79.0,4031.0,0.019221411192214113,0.01640706126687435,0.8992346938775511,118,0.4017094017094017,CONNECTORS
49,4815.0,705.0,79.0,4031.0,0.019221411192214113,0.01640706126687435,0.8992346938775511,118,0.41025641025641024,CONNECTORS
50,4815.0,705.0,79.0,4031.0,0.019221411192214113,0.01640706126687435,0.8992346938775511,118,0.4188034188034188,CONNECTORS
51,4815.0,705.0,79.0,4031.0,0.019221411192214113,0.01640706126687435,0.8992346938775511,118,0.4273504273504273,CONNECTORS
52,4815.0,705.0,79.0,4031.0,0.019221411192214113,0.01640706126687435,0.8992346938775511,118,0.4358974358974359,CONNECTORS
53,4815.0,705.0,79.0,4031.0,0.019221411192214113,0.01640706126687435,0.8992346938775511,118,0.4444444444444444,CONNECTORS
54,4815.0,705.0,79.0,4031.0,0.019221411192214113,0.01640706126687435,0.8992346938775511,118,0.45299145299145294,CONNECTORS
55,4815.0,705.0,79.0,4031.0,0.019221411192214113,0.01640706126687435,0.8992346938775511,118,0.4615384615384616,CONNECTORS
56,4815.0,705.0,79.0,4031.0,0.019221411192214113,0.01640706126687435,0.8992346938775511,118,0.4700854700854701,CONNECTORS
57,4821.0,717.0,73.0,4031.0,0.017787524366471734,0.015142086704003318,0.9075949367088607,118,0.4786324786324786,CONNECTORS
58,4821.0,723.0,67.0,4031.0,0.016349438750610054,0.013897531632441402,0.9151898734177215,118,0.4871794871794872,CONNECTORS
59,4821.0,723.0,67.0,4031.0,0.016349438750610054,0.013897531632441402,0.9151898734177215,118,0.4957264957264957,CONNECTORS
60,4821.0,723.0,67.0,4031.0,0.016349438750610054,0.013897531632441402,0.9151898734177215,118,0.5042735042735043,CONNECTORS
61,4821.0,723.0,67.0,4031.0,0.016349438750610054,0.013897531632441402,0.9151898734177215,118,0.5128205128205128,CONNECTORS
62,4821.0,723.0,67.0,4031.0,0.016349438750610054,0.013897531632441402,0.9151898734177215,118,0.5213675213675214,CONNECTORS
63,4821.0,723.0,67.0,4031.0,0.016349438750610054,0.013897531632441402,0.9151898734177215,118,0.5299145299145299,CONNECTORS
64,4821.0,723.0,67.0,4031.0,0.016349438750610054,0.013897531632441402,0.9151898734177215,118,0.5384615384615384,CONNECTORS
65,4838.0,753.0,54.0,4031.0,0.013219094247246021,0.011161637040099214,0.9330855018587361,118,0.5470085470085471,CONNECTORS
66,4838.0,753.0,54.0,4031.0,0.013219094247246021,0.011161637040099214,0.9330855018587361,118,0.5555555555555556,CONNECTORS
67,4838.0,753.0,54.0,4031.0,0.013219094247246021,0.011161637040099214,0.9330855018587361,118,0.5641025641025641,CONNECTORS
68,4838.0,759.0,48.0,4031.0,0.01176759009561167,0.009921455146754857,0.9405204460966543,118,0.5726495726495726,CONNECTORS
69,4838.0,759.0,48.0,4031.0,0.01176759009561167,0.009921455146754857,0.9405204460966543,118,0.5811965811965812,CONNECTORS
70,4838.0,765.0,42.0,4031.0,0.010311809477043948,0.0086812732534105,0.9479553903345725,118,0.5897435897435898,CONNECTORS
71,4838.0,765.0,42.0,4031.0,0.010311809477043948,0.0086812732534105,0.9479553903345725,118,0.5982905982905983,CONNECTORS
72,4838.0,765.0,42.0,4031.0,0.010311809477043948,0.0086812732534105,0.9479553903345725,118,0.6068376068376068,CONNECTORS
73,4838.0,765.0,42.0,4031.0,0.010311809477043948,0.0086812732534105,0.9479553903345725,118,0.6153846153846154,CONNECTORS
74,4838.0,765.0,42.0,4031.0,0.010311809477043948,0.0086812732534105,0.9479553903345725,118,0.6239316239316239,CONNECTORS
75,4838.0,765.0,42.0,4031.0,0.010311809477043948,0.0086812732534105,0.9479553903345725,118,0.6324786324786325,CONNECTORS
76,4838.0,765.0,42.0,4031.0,0.010311809477043948,0.0086812732534105,0.9479553903345725,118,0.6410256410256411,CONNECTORS
77,4838.0,777.0,30.0,4031.0,0.007387343018960847,0.0062009094667217855,0.9628252788104089,118,0.6495726495726496,CONNECTORS
78,4838.0,777.0,30.0,4031.0,0.007387343018960847,0.0062009094667217855,0.9628252788104089,118,0.6581196581196581,CONNECTORS
79,4838.0,777.0,30.0,4031.0,0.007387343018960847,0.0062009094667217855,0.9628252788104089,118,0.6666666666666666,CONNECTORS
80,4844.0,783.0,30.0,4031.0,0.007387343018960847,0.006193228736581338,0.9630996309963099,118,0.6752136752136753,CONNECTORS
81,4844.0,783.0,30.0,4031.0,0.007387343018960847,0.006193228736581338,0.9630996309963099,118,0.6837606837606838,CONNECTORS
82,4844.0,783.0,30.0,4031.0,0.007387343018960847,0.006193228736581338,0.9630996309963099,118,0.6923076923076923,CONNECTORS
83,4844.0,783.0,30.0,4031.0,0.007387343018960847,0.006193228736581338,0.9630996309963099,118,0.7008547008547008,CONNECTORS
84,4844.0,783.0,30.0,4031.0,0.007387343018960847,0.006193228736581338,0.9630996309963099,118,0.7094017094017094,CONNECTORS
85,4844.0,783.0,30.0,4031.0,0.007387343018960847,0.006193228736581338,0.9630996309963099,118,0.7179487179487181,CONNECTORS
86,4844.0,783.0,30.0,4031.0,0.007387343018960847,0.006193228736581338,0.9630996309963099,118,0.7264957264957265,CONNECTORS
87,4844.0,783.0,30.0,4031.0,0.007387343018960847,0.006193228736581338,0.9630996309963099,118,0.7350427350427351,CONNECTORS
88,4844.0,783.0,30.0,4031.0,0.007387343018960847,0.006193228736581338,0.9630996309963099,118,0.7435897435897436,CONNECTORS
89,4844.0,783.0,30.0,4031.0,0.007387343018960847,0.006193228736581338,0.9630996309963099,118,0.7521367521367521,CONNECTORS
90,4844.0,783.0,30.0,4031.0,0.007387343018960847,0.006193228736581338,0.9630996309963099,118,0.7606837606837606,CONNECTORS
91,4844.0,783.0,30.0,4031.0,0.007387343018960847,0.006193228736581338,0.9630996309963099,118,0.7692307692307693,CONNECTORS
92,4844.0,783.0,30.0,4031.0,0.007387343018960847,0.006193228736581338,0.9630996309963099,118,0.7777777777777778,CONNECTORS
93,4850.0,789.0,30.0,4031.0,0.007387343018960847,0.006185567010309278,0.9633699633699634,118,0.7863247863247863,CONNECTORS
94,4850.0,789.0,30.0,4031.0,0.007387343018960847,0.006185567010309278,0.9633699633699634,118,0.7948717948717948,CONNECTORS
95,4850.0,789.0,30.0,4031.0,0.007387343018960847,0.006185567010309278,0.9633699633699634,118,0.8034188034188035,CONNECTORS
96,4862.0,807.0,24.0,4031.0,0.00591861898890259,0.0049362402303578775,0.9711191335740073,118,0.811965811965812,CONNECTORS
97,4862.0,807.0,24.0,4031.0,0.00591861898890259,0.0049362402303578775,0.9711191335740073,118,0.8205128205128205,CONNECTORS
98,4862.0,807.0,24.0,4031.0,0.00591861898890259,0.0049362402303578775,0.9711191335740073,118,0.8290598290598291,CONNECTORS
99,4862.0,807.0,24.0,4031.0,0.00591861898890259,0.0049362402303578775,0.9711191335740073,118,0.8376068376068376,CONNECTORS
100,4862.0,819.0,12.0,4031.0,0.002968093000247341,0.0024681201151789387,0.9855595667870036,118,0.8461538461538461,CONNECTORS
101,4862.0,819.0,12.0,4031.0,0.002968093000247341,0.0024681201151789387,0.9855595667870036,118,0.8547008547008547,CONNECTORS
102,4862.0,819.0,12.0,4031.0,0.002968093000247341,0.0024681201151789387,0.9855595667870036,118,0.8632478632478633,CONNECTORS
103,4862.0,819.0,12.0,4031.0,0.002968093000247341,0.0024681201151789387,0.9855595667870036,118,0.8717948717948718,CONNECTORS
104,4862.0,819.0,12.0,4031.0,0.002968093000247341,0.0024681201151789387,0.9855595667870036,118,0.8803418803418803,CONNECTORS
105,4862.0,819.0,12.0,4031.0,0.002968093000247341,0.0024681201151789387,0.9855595667870036,118,0.8888888888888888,CONNECTORS
106,4862.0,819.0,12.0,4031.0,0.002968093000247341,0.0024681201151789387,0.9855595667870036,118,0.8974358974358975,CONNECTORS
107,4862.0,819.0,12.0,4031.0,0.002968093000247341,0.0024681201151789387,0.9855595667870036,118,0.9059829059829059,CONNECTORS
108,4862.0,819.0,12.0,4031.0,0.002968093000247341,0.0024681201151789387,0.9855595667870036,118,0.9145299145299144,CONNECTORS
109,4862.0,819.0,12.0,4031.0,0.002968093000247341,0.0024681201151789387,0.9855595667870036,118,0.9230769230769232,CONNECTORS
110,4862.0,825.0,6.0,4031.0,0.0014862521674510775,0.0012340600575894694,0.9927797833935018,118,0.9316239316239316,CONNECTORS
111,4862.0,825.0,6.0,4031.0,0.0014862521674510775,0.0012340600575894694,0.9927797833935018,118,0.9401709401709402,CONNECTORS
112,4862.0,825.0,6.0,4031.0,0.0014862521674510775,0.0012340600575894694,0.9927797833935018,118,0.9487179487179488,CONNECTORS
113,4862.0,825.0,6.0,4031.0,0.0014862521674510775,0.0012340600575894694,0.9927797833935018,118,0.9572649572649572,CONNECTORS
114,4862.0,825.0,6.0,4031.0,0.0014862521674510775,0.0012340600575894694,0.9927797833935018,118,0.9658119658119658,CONNECTORS
115,4862.0,825.0,6.0,4031.0,0.0014862521674510775,0.0012340600575894694,0.9927797833935018,118,0.9743589743589745,CONNECTORS
116,4862.0,825.0,6.0,4031.0,0.0014862521674510775,0.0012340600575894694,0.9927797833935018,118,0.9829059829059827,CONNECTORS
117,4862.0,831.0,0.0,4031.0,0.0,0.0,1.0,118,0.9914529914529916,CONNECTORS
118,4862.0,831.0,0.0,4031.0,0.0,0.0,1.0,118,1.0,CONNECTORS
2,0.0,0.0,0.0,0.0,/0,/0,/0,17,0.0625,CRUNCH
3,320.0,28.0,20.0,272.0,0.0684931506849315,0.0625,0.5833333333333334,17,0.125,CRUNCH
4,320.0,35.0,13.0,272.0,0.0456140350877193,0.040625,0.7291666666666666,17,0.1875,CRUNCH
5,335.0,52.0,11.0,272.0,0.038869257950530034,0.03283582089552239,0.8253968253968254,17,0.25,CRUNCH
6,345.0,66.0,7.0,272.0,0.025089605734767026,0.020289855072463767,0.9041095890410958,17,0.3125,CRUNCH
7,345.0,66.0,7.0,272.0,0.025089605734767026,0.020289855072463767,0.9041095890410958,17,0.375,CRUNCH
8,345.0,66.0,7.0,272.0,0.025089605734767026,0.020289855072463767,0.9041095890410958,17,0.4375,CRUNCH
9,349.0,71.0,6.0,272.0,0.02158273381294964,0.017191977077363897,0.922077922077922,17,0.5,CRUNCH
10,358.0,85.0,1.0,272.0,0.003663003663003663,0.002793296089385475,0.9883720930232558,17,0.5625,CRUNCH
11,362.0,90.0,0.0,272.0,0.0,0.0,1.0,17,0.625,CRUNCH
12,362.0,90.0,0.0,272.0,0.0,0.0,1.0,17,0.6875,CRUNCH
13,364.0,92.0,0.0,272.0,0.0,0.0,1.0,17,0.75,CRUNCH
14,364.0,92.0,0.0,272.0,0.0,0.0,1.0,17,0.8125,CRUNCH
15,368.0,96.0,0.0,272.0,0.0,0.0,1.0,17,0.875,CRUNCH
16,368.0,96.0,0.0,272.0,0.0,0.0,1.0,17,0.9375,CRUNCH
17,368.0,96.0,0.0,272.0,0.0,0.0,1.0,17,1.0,CRUNCH
2,0.0,0.0,0.0,0.0,/0,/0,/0,48,0.02127659574468085,SYNCOPE
3,548.0,0.0,282.0,266.0,0.5145985401459854,0.5145985401459854,0.0,48,0.0425531914893617,SYNCOPE
4,1176.0,8.0,637.0,531.0,0.5453767123287672,0.5416666666666666,0.012403100775193798,48,0.06382978723404255,SYNCOPE
5,1798.0,97.0,896.0,805.0,0.5267489711934157,0.4983314794215795,0.09768378650553877,48,0.0851063829787234,SYNCOPE
6,1815.0,150.0,860.0,805.0,0.5165165165165165,0.4738292011019284,0.1485148514851485,48,0.10638297872340426,SYNCOPE
7,1815.0,150.0,860.0,805.0,0.5165165165165165,0.4738292011019284,0.1485148514851485,48,0.1276595744680851,SYNCOPE
8,1818.0,155.0,858.0,805.0,0.5159350571256764,0.47194719471947194,0.15301085883514315,48,0.14893617021276595,SYNCOPE
9,1825.0,224.0,796.0,805.0,0.4971892567145534,0.43616438356164383,0.2196078431372549,48,0.1702127659574468,SYNCOPE
10,1825.0,224.0,796.0,805.0,0.4971892567145534,0.43616438356164383,0.2196078431372549,48,0.1914893617021277,SYNCOPE
11,1825.0,224.0,796.0,805.0,0.4971892567145534,0.43616438356164383,0.2196078431372549,48,0.2127659574468085,SYNCOPE
12,1826.0,234.0,787.0,805.0,0.4943467336683417,0.43099671412924423,0.22918707149853085,48,0.23404255319148934,SYNCOPE
13,1826.0,234.0,787.0,805.0,0.4943467336683417,0.43099671412924423,0.22918707149853085,48,0.2553191489361702,SYNCOPE
14,1975.0,950.0,220.0,805.0,0.2146341463414634,0.11139240506329114,0.811965811965812,48,0.2765957446808511,SYNCOPE
15,2173.0,1310.0,58.0,805.0,0.06720741599073002,0.026691210308329497,0.9576023391812866,48,0.2978723404255319,SYNCOPE
16,2173.0,1310.0,58.0,805.0,0.06720741599073002,0.026691210308329497,0.9576023391812866,48,0.3191489361702128,SYNCOPE
17,2209.0,1396.0,8.0,805.0,0.00984009840098401,0.0036215482118605704,0.9943019943019943,48,0.3404255319148936,SYNCOPE
18,2212.0,1403.0,4.0,805.0,0.004944375772558714,0.0018083182640144665,0.9971570717839374,48,0.3617021276595745,SYNCOPE
19,2212.0,1403.0,4.0,805.0,0.004944375772558714,0.0018083182640144665,0.9971570717839374,48,0.3829787234042553,SYNCOPE
20,2213.0,1408.0,0.0,805.0,0.0,0.0,1.0,48,0.40425531914893614,SYNCOPE
21,2213.0,1408.0,0.0,805.0,0.0,0.0,1.0,48,0.425531914893617,SYNCOPE
22,2213.0,1408.0,0.0,805.0,0.0,0.0,1.0,48,0.44680851063829785,SYNCOPE
23,2213.0,1408.0,0.0,805.0,0.0,0.0,1.0,48,0.4680851063829787,SYNCOPE
24,2213.0,1408.0,0.0,805.0,0.0,0.0,1.0,48,0.4893617021276596,SYNCOPE
25,2213.0,1408.0,0.0,805.0,0.0,0.0,1.0,48,0.5106382978723404,SYNCOPE
26,2213.0,1408.0,0.0,805.0,0.0,0.0,1.0,48,0.5319148936170213,SYNCOPE
27,2213.0,1408.0,0.0,805.0,0.0,0.0,1.0,48,0.5531914893617021,SYNCOPE
28,2213.0,1408.0,0.0,805.0,0.0,0.0,1.0,48,0.5744680851063829,SYNCOPE
29,2213.0,1408.0,0.0,805.0,0.0,0.0,1.0,48,0.5957446808510638,SYNCOPE
30,2213.0,1408.0,0.0,805.0,0.0,0.0,1.0,48,0.6170212765957447,SYNCOPE
31,2213.0,1408.0,0.0,805.0,0.0,0.0,1.0,48,0.6382978723404256,SYNCOPE
32,2213.0,1408.0,0.0,805.0,0.0,0.0,1.0,48,0.6595744680851063,SYNCOPE
33,2213.0,1408.0,0.0,805.0,0.0,0.0,1.0,48,0.6808510638297872,SYNCOPE
34,2213.0,1408.0,0.0,805.0,0.0,0.0,1.0,48,0.7021276595744681,SYNCOPE
35,2213.0,1408.0,0.0,805.0,0.0,0.0,1.0,48,0.7234042553191491,SYNCOPE
36,2213.0,1408.0,0.0,805.0,0.0,0.0,1.0,48,0.7446808510638298,SYNCOPE
37,2213.0,1408.0,0.0,805.0,0.0,0.0,1.0,48,0.7659574468085106,SYNCOPE
38,2213.0,1408.0,0.0,805.0,0.0,0.0,1.0,48,0.7872340425531915,SYNCOPE
39,2213.0,1408.0,0.0,805.0,0.0,0.0,1.0,48,0.8085106382978723,SYNCOPE
40,2213.0,1408.0,0.0,805.0,0.0,0.0,1.0,48,0.8297872340425532,SYNCOPE
41,2213.0,1408.0,0.0,805.0,0.0,0.0,1.0,48,0.851063829787234,SYNCOPE
42,2213.0,1408.0,0.0,805.0,0.0,0.0,1.0,48,0.8723404255319149,SYNCOPE
43,2213.0,1408.0,0.0,805.0,0.0,0.0,1.0,48,0.8936170212765957,SYNCOPE
44,2213.0,1408.0,0.0,805.0,0.0,0.0,1.0,48,0.9148936170212766,SYNCOPE
45,2213.0,1408.0,0.0,805.0,0.0,0.0,1.0,48,0.9361702127659576,SYNCOPE
46,2213.0,1408.0,0.0,805.0,0.0,0.0,1.0,48,0.9574468085106383,SYNCOPE
47,2213.0,1408.0,0.0,805.0,0.0,0.0,1.0,48,0.9787234042553192,SYNCOPE
48,2213.0,1408.0,0.0,805.0,0.0,0.0,1.0,48,1.0,SYNCOPE
2,0.0,0.0,0.0,0.0,/0,/0,/0,13,0.08333333333333333,TAJO
3,679.0,1.0,237.0,441.0,0.3495575221238938,0.3490427098674521,0.004201680672268907,13,0.16666666666666666,TAJO
4,713.0,259.0,13.0,441.0,0.028634361233480177,0.0182328190743338,0.9522058823529411,13,0.25,TAJO
5,747.0,300.0,6.0,441.0,0.013422818791946308,0.008032128514056224,0.9803921568627451,13,0.3333333333333333,TAJO
6,788.0,347.0,0.0,441.0,0.0,0.0,1.0,13,0.4166666666666667,TAJO
7,796.0,355.0,0.0,441.0,0.0,0.0,1.0,13,0.5,TAJO
8,808.0,367.0,0.0,441.0,0.0,0.0,1.0,13,0.5833333333333334,TAJO
9,808.0,367.0,0.0,441.0,0.0,0.0,1.0,13,0.6666666666666666,TAJO
10,809.0,368.0,0.0,441.0,0.0,0.0,1.0,13,0.75,TAJO
11,809.0,368.0,0.0,441.0,0.0,0.0,1.0,13,0.8333333333333334,TAJO
12,809.0,368.0,0.0,441.0,0.0,0.0,1.0,13,0.9166666666666666,TAJO
13,824.0,383.0,0.0,441.0,0.0,0.0,1.0,13,1.0,TAJO
2,0.0,0.0,0.0,0.0,/0,/0,/0,34,0.030303030303030307,TEZ
3,526.0,16.0,170.0,340.0,0.3333333333333333,0.3231939163498099,0.08602150537634409,34,0.060606060606060615,TEZ
4,1052.0,96.0,285.0,671.0,0.29811715481171547,0.2709125475285171,0.25196850393700787,34,0.09090909090909093,TEZ
5,1055.0,173.0,211.0,671.0,0.23922902494331066,0.2,0.4505208333333333,34,0.12121212121212123,TEZ
6,1069.0,259.0,139.0,671.0,0.17160493827160495,0.13002806361085126,0.6507537688442211,34,0.15151515151515152,TEZ
7,1069.0,261.0,137.0,671.0,0.16955445544554457,0.12815715622076707,0.6557788944723618,34,0.18181818181818185,TEZ
8,1071.0,281.0,119.0,671.0,0.15063291139240506,0.1111111111111111,0.7025,34,0.21212121212121213,TEZ
9,1075.0,293.0,111.0,671.0,0.14194373401534527,0.10325581395348837,0.7252475247524752,34,0.24242424242424246,TEZ
10,1087.0,329.0,87.0,671.0,0.11477572559366754,0.08003679852805888,0.7908653846153846,34,0.2727272727272727,TEZ
11,1087.0,329.0,87.0,671.0,0.11477572559366754,0.08003679852805888,0.7908653846153846,34,0.30303030303030304,TEZ
12,1089.0,347.0,71.0,671.0,0.09568733153638814,0.06519742883379247,0.8301435406698564,34,0.3333333333333333,TEZ
13,1089.0,347.0,71.0,671.0,0.09568733153638814,0.06519742883379247,0.8301435406698564,34,0.3636363636363637,TEZ
14,1095.0,363.0,61.0,671.0,0.08333333333333333,0.05570776255707763,0.8561320754716981,34,0.3939393939393939,TEZ
15,1098.0,385.0,42.0,671.0,0.05890603085553997,0.03825136612021858,0.9016393442622951,34,0.42424242424242425,TEZ
16,1102.0,389.0,42.0,671.0,0.05890603085553997,0.038112522686025406,0.9025522041763341,34,0.4545454545454545,TEZ
17,1104.0,393.0,40.0,671.0,0.05625879043600562,0.036231884057971016,0.9076212471131639,34,0.4848484848484849,TEZ
18,1104.0,393.0,40.0,671.0,0.05625879043600562,0.036231884057971016,0.9076212471131639,34,0.5151515151515151,TEZ
19,1104.0,393.0,40.0,671.0,0.05625879043600562,0.036231884057971016,0.9076212471131639,34,0.5454545454545454,TEZ
20,1104.0,397.0,36.0,671.0,0.05091937765205092,0.03260869565217391,0.9168591224018475,34,0.5757575757575758,TEZ
21,1104.0,397.0,36.0,671.0,0.05091937765205092,0.03260869565217391,0.9168591224018475,34,0.6060606060606061,TEZ
22,1104.0,397.0,36.0,671.0,0.05091937765205092,0.03260869565217391,0.9168591224018475,34,0.6363636363636364,TEZ
23,1106.0,405.0,30.0,671.0,0.042796005706134094,0.027124773960216998,0.9310344827586207,34,0.6666666666666666,TEZ
24,1106.0,405.0,30.0,671.0,0.042796005706134094,0.027124773960216998,0.9310344827586207,34,0.696969696969697,TEZ
25,1108.0,411.0,26.0,671.0,0.03730272596843615,0.023465703971119134,0.9405034324942791,34,0.7272727272727273,TEZ
26,1110.0,413.0,26.0,671.0,0.03730272596843615,0.023423423423423424,0.9407744874715261,34,0.7575757575757576,TEZ
27,1110.0,413.0,26.0,671.0,0.03730272596843615,0.023423423423423424,0.9407744874715261,34,0.7878787878787878,TEZ
28,1110.0,415.0,24.0,671.0,0.034532374100719423,0.021621621621621623,0.9453302961275627,34,0.8181818181818182,TEZ
29,1110.0,415.0,24.0,671.0,0.034532374100719423,0.021621621621621623,0.9453302961275627,34,0.8484848484848485,TEZ
30,1119.0,439.0,9.0,671.0,0.013235294117647059,0.00804289544235925,0.9799107142857143,34,0.8787878787878788,TEZ
31,1121.0,450.0,0.0,671.0,0.0,0.0,1.0,34,0.9090909090909092,TEZ
32,1123.0,452.0,0.0,671.0,0.0,0.0,1.0,34,0.9393939393939394,TEZ
33,1123.0,452.0,0.0,671.0,0.0,0.0,1.0,34,0.9696969696969696,TEZ
34,1123.0,452.0,0.0,671.0,0.0,0.0,1.0,34,1.0,TEZ
2,0.0,0.0,0.0,0.0,/0,/0,/0,46,0.022222222222222227,AVRO
3,159.0,0.0,14.0,145.0,0.0880503144654,0.0880503144654,0.0,46,0.04444444444444445,AVRO
4,320.0,24.0,10.0,286.0,0.0337837837838,0.03125,0.705882352941,46,0.06666666666666668,AVRO
5,320.0,24.0,10.0,286.0,0.0337837837838,0.03125,0.705882352941,46,0.08888888888888889,AVRO
6,320.0,26.0,8.0,286.0,0.0272108843537,0.025,0.764705882353,46,0.1111111111111111,AVRO
7,320.0,30.0,4.0,286.0,0.0137931034483,0.0125,0.882352941176,46,0.13333333333333333,AVRO
8,340.0,50.0,4.0,286.0,0.0137931034483,0.0117647058824,0.925925925926,46,0.15555555555555556,AVRO
9,340.0,50.0,4.0,286.0,0.0137931034483,0.0117647058824,0.925925925926,46,0.17777777777777778,AVRO
10,344.0,54.0,4.0,286.0,0.0137931034483,0.0116279069767,0.931034482759,46,0.2,AVRO
11,344.0,54.0,4.0,286.0,0.0137931034483,0.0116279069767,0.931034482759,46,0.2222222222222222,AVRO
12,352.0,64.0,2.0,286.0,0.00694444444444,0.00568181818182,0.969696969697,46,0.24444444444444444,AVRO
13,362.0,74.0,2.0,286.0,0.00694444444444,0.00552486187845,0.973684210526,46,0.26666666666666666,AVRO
14,362.0,74.0,2.0,286.0,0.00694444444444,0.00552486187845,0.973684210526,46,0.2888888888888889,AVRO
15,362.0,74.0,2.0,286.0,0.00694444444444,0.00552486187845,0.973684210526,46,0.3111111111111111,AVRO
16,362.0,74.0,2.0,286.0,0.00694444444444,0.00552486187845,0.973684210526,46,0.3333333333333333,AVRO
17,362.0,74.0,2.0,286.0,0.00694444444444,0.00552486187845,0.973684210526,46,0.3555555555555556,AVRO
18,366.0,78.0,2.0,286.0,0.00694444444444,0.00546448087432,0.975,46,0.37777777777777777,AVRO
19,366.0,78.0,2.0,286.0,0.00694444444444,0.00546448087432,0.975,46,0.4,AVRO
20,366.0,78.0,2.0,286.0,0.00694444444444,0.00546448087432,0.975,46,0.4222222222222222,AVRO
21,370.0,82.0,2.0,286.0,0.00694444444444,0.00540540540541,0.97619047619,46,0.4444444444444444,AVRO
22,370.0,82.0,2.0,286.0,0.00694444444444,0.00540540540541,0.97619047619,46,0.4666666666666667,AVRO
23,370.0,82.0,2.0,286.0,0.00694444444444,0.00540540540541,0.97619047619,46,0.4888888888888889,AVRO
24,370.0,82.0,2.0,286.0,0.00694444444444,0.00540540540541,0.97619047619,46,0.5111111111111111,AVRO
25,370.0,82.0,2.0,286.0,0.00694444444444,0.00540540540541,0.97619047619,46,0.5333333333333333,AVRO
26,372.0,84.0,2.0,286.0,0.00694444444444,0.00537634408602,0.976744186047,46,0.5555555555555556,AVRO
27,374.0,86.0,2.0,286.0,0.00694444444444,0.00534759358289,0.977272727273,46,0.5777777777777777,AVRO
28,384.0,96.0,2.0,286.0,0.00694444444444,0.00520833333333,0.979591836735,46,0.6,AVRO
29,384.0,96.0,2.0,286.0,0.00694444444444,0.00520833333333,0.979591836735,46,0.6222222222222222,AVRO
30,384.0,96.0,2.0,286.0,0.00694444444444,0.00520833333333,0.979591836735,46,0.6444444444444445,AVRO
31,384.0,96.0,2.0,286.0,0.00694444444444,0.00520833333333,0.979591836735,46,0.6666666666666666,AVRO
32,384.0,96.0,2.0,286.0,0.00694444444444,0.00520833333333,0.979591836735,46,0.6888888888888889,AVRO
33,384.0,96.0,2.0,286.0,0.00694444444444,0.00520833333333,0.979591836735,46,0.7111111111111111,AVRO
34,384.0,96.0,2.0,286.0,0.00694444444444,0.00520833333333,0.979591836735,46,0.7333333333333333,AVRO
35,385.0,98.0,1.0,286.0,0.00348432055749,0.0025974025974,0.989898989899,46,0.7555555555555555,AVRO
36,385.0,98.0,1.0,286.0,0.00348432055749,0.0025974025974,0.989898989899,46,0.7777777777777778,AVRO
37,385.0,98.0,1.0,286.0,0.00348432055749,0.0025974025974,0.989898989899,46,0.8,AVRO
38,391.0,104.0,1.0,286.0,0.00348432055749,0.00255754475703,0.990476190476,46,0.8222222222222222,AVRO
39,393.0,106.0,1.0,286.0,0.00348432055749,0.00254452926209,0.990654205607,46,0.8444444444444444,AVRO
40,393.0,106.0,1.0,286.0,0.00348432055749,0.00254452926209,0.990654205607,46,0.8666666666666667,AVRO
41,395.0,108.0,1.0,286.0,0.00348432055749,0.00253164556962,0.990825688073,46,0.8888888888888888,AVRO
42,395.0,108.0,1.0,286.0,0.00348432055749,0.00253164556962,0.990825688073,46,0.9111111111111112,AVRO
43,400.0,114.0,0.0,286.0,0.0,0.0,1.0,46,0.9333333333333332,AVRO
44,400.0,114.0,0.0,286.0,0.0,0.0,1.0,46,0.9555555555555556,AVRO
45,400.0,114.0,0.0,286.0,0.0,0.0,1.0,46,0.9777777777777776,AVRO
46,400.0,114.0,0.0,286.0,0.0,0.0,1.0,46,1.0,AVRO
2,0.0,0.0,0.0,0.0,/0,/0,/0,11,0.1,CHUKWA
3,449.0,0.0,172.0,277.0,0.3830734966592428,0.3830734966592428,0.0,11,0.2,CHUKWA
4,897.0,0.0,344.0,553.0,0.3835005574136009,0.3835005574136009,0.0,11,0.3,CHUKWA
5,897.0,0.0,344.0,553.0,0.3835005574136009,0.3835005574136009,0.0,11,0.4,CHUKWA
6,897.0,0.0,344.0,553.0,0.3835005574136009,0.3835005574136009,0.0,11,0.5,CHUKWA
7,929.0,376.0,0.0,553.0,0.0,0.0,1.0,11,0.6,CHUKWA
8,929.0,376.0,0.0,553.0,0.0,0.0,1.0,11,0.7,CHUKWA
9,929.0,376.0,0.0,553.0,0.0,0.0,1.0,11,0.8,CHUKWA
10,929.0,376.0,0.0,553.0,0.0,0.0,1.0,11,0.9,CHUKWA
11,929.0,376.0,0.0,553.0,0.0,0.0,1.0,11,1.0,CHUKWA
2,0.0,0.0,0.0,0.0,/0,/0,/0,31,0.03333333333333333,FALCON
3,206.0,1.0,70.0,135.0,0.341463414634,0.339805825243,0.0140845070423,31,0.06666666666666668,FALCON
4,206.0,21.0,50.0,135.0,0.27027027027,0.242718446602,0.295774647887,31,0.1,FALCON
5,206.0,23.0,48.0,135.0,0.262295081967,0.233009708738,0.323943661972,31,0.13333333333333333,FALCON
6,206.0,38.0,33.0,135.0,0.196428571429,0.160194174757,0.535211267606,31,0.16666666666666666,FALCON
7,207.0,50.0,22.0,135.0,0.140127388535,0.106280193237,0.694444444444,31,0.2,FALCON
8,207.0,50.0,22.0,135.0,0.140127388535,0.106280193237,0.694444444444,31,0.2333333333333333,FALCON
9,207.0,50.0,22.0,135.0,0.140127388535,0.106280193237,0.694444444444,31,0.26666666666666666,FALCON
10,207.0,55.0,17.0,135.0,0.111842105263,0.0821256038647,0.763888888889,31,0.3,FALCON
11,207.0,55.0,17.0,135.0,0.111842105263,0.0821256038647,0.763888888889,31,0.3333333333333333,FALCON
12,207.0,55.0,17.0,135.0,0.111842105263,0.0821256038647,0.763888888889,31,0.36666666666666653,FALCON
13,208.0,57.0,16.0,135.0,0.105960264901,0.0769230769231,0.780821917808,31,0.4,FALCON
14,208.0,60.0,13.0,135.0,0.0878378378378,0.0625,0.821917808219,31,0.43333333333333335,FALCON
15,208.0,60.0,13.0,135.0,0.0878378378378,0.0625,0.821917808219,31,0.4666666666666667,FALCON
16,209.0,65.0,9.0,135.0,0.0625,0.0430622009569,0.878378378378,31,0.5,FALCON
17,209.0,65.0,9.0,135.0,0.0625,0.0430622009569,0.878378378378,31,0.5333333333333333,FALCON
18,209.0,65.0,9.0,135.0,0.0625,0.0430622009569,0.878378378378,31,0.5666666666666667,FALCON
19,209.0,66.0,8.0,135.0,0.0559440559441,0.0382775119617,0.891891891892,31,0.6,FALCON
20,209.0,66.0,8.0,135.0,0.0559440559441,0.0382775119617,0.891891891892,31,0.6333333333333333,FALCON
21,210.0,68.0,7.0,135.0,0.0492957746479,0.0333333333333,0.906666666667,31,0.6666666666666666,FALCON
22,210.0,68.0,7.0,135.0,0.0492957746479,0.0333333333333,0.906666666667,31,0.7,FALCON
23,210.0,68.0,7.0,135.0,0.0492957746479,0.0333333333333,0.906666666667,31,0.7333333333333333,FALCON
24,210.0,74.0,1.0,135.0,0.00735294117647,0.0047619047619,0.986666666667,31,0.7666666666666667,FALCON
25,210.0,74.0,1.0,135.0,0.00735294117647,0.0047619047619,0.986666666667,31,0.8,FALCON
26,210.0,74.0,1.0,135.0,0.00735294117647,0.0047619047619,0.986666666667,31,0.8333333333333334,FALCON
27,210.0,74.0,1.0,135.0,0.00735294117647,0.0047619047619,0.986666666667,31,0.8666666666666667,FALCON
28,211.0,76.0,0.0,135.0,0.0,0.0,1.0,31,0.9,FALCON
29,211.0,76.0,0.0,135.0,0.0,0.0,1.0,31,0.9333333333333332,FALCON
30,211.0,76.0,0.0,135.0,0.0,0.0,1.0,31,0.9666666666666668,FALCON
31,211.0,76.0,0.0,135.0,0.0,0.0,1.0,31,1.0,FALCON
2,0.0,0.0,0.0,0.0,/0,/0,/0,10,0.1111111111111111,GIRAPH
3,565.0,1.0,124.0,440.0,0.2198581560283688,0.21946902654867256,0.008,10,0.2222222222222222,GIRAPH
4,1130.0,9.0,240.0,881.0,0.21409455842997324,0.21238938053097345,0.03614457831325301,10,0.3333333333333333,GIRAPH
5,1130.0,11.0,238.0,881.0,0.2126899016979446,0.21061946902654868,0.04417670682730924,10,0.4444444444444444,GIRAPH
6,1152.0,227.0,44.0,881.0,0.04756756756756757,0.03819444444444445,0.8376383763837638,10,0.5555555555555556,GIRAPH
7,1152.0,253.0,18.0,881.0,0.020022246941045607,0.015625,0.933579335793358,10,0.6666666666666666,GIRAPH
8,1152.0,253.0,18.0,881.0,0.020022246941045607,0.015625,0.933579335793358,10,0.7777777777777778,GIRAPH
9,1152.0,271.0,0.0,881.0,0.0,0.0,1.0,10,0.8888888888888888,GIRAPH
10,1152.0,271.0,0.0,881.0,0.0,0.0,1.0,10,1.0,GIRAPH
2,0.0,0.0,0.0,0.0,/0,/0,/0,17,0.0625,IVY
3,435.0,10.0,56.0,369.0,0.13176470588235295,0.12873563218390804,0.15151515151515152,17,0.125,IVY
4,893.0,122.0,36.0,735.0,0.04669260700389105,0.040313549832026875,0.7721518987341772,17,0.1875,IVY
5,894.0,133.0,26.0,735.0,0.03416557161629435,0.029082774049217,0.8364779874213837,17,0.25,IVY
6,894.0,137.0,22.0,735.0,0.02906208718626156,0.024608501118568233,0.8616352201257862,17,0.3125,IVY
7,894.0,141.0,18.0,735.0,0.02390438247011952,0.020134228187919462,0.8867924528301887,17,0.375,IVY
8,894.0,141.0,18.0,735.0,0.02390438247011952,0.020134228187919462,0.8867924528301887,17,0.4375,IVY
9,894.0,141.0,18.0,735.0,0.02390438247011952,0.020134228187919462,0.8867924528301887,17,0.5,IVY
10,894.0,148.0,11.0,735.0,0.014745308310991957,0.012304250559284116,0.9308176100628931,17,0.5625,IVY
11,894.0,148.0,11.0,735.0,0.014745308310991957,0.012304250559284116,0.9308176100628931,17,0.625,IVY
12,894.0,148.0,11.0,735.0,0.014745308310991957,0.012304250559284116,0.9308176100628931,17,0.6875,IVY
13,894.0,149.0,10.0,735.0,0.013422818791946308,0.011185682326621925,0.9371069182389937,17,0.75,IVY
14,894.0,149.0,10.0,735.0,0.013422818791946308,0.011185682326621925,0.9371069182389937,17,0.8125,IVY
15,894.0,155.0,4.0,735.0,0.005412719891745603,0.0044742729306487695,0.9748427672955975,17,0.875,IVY
16,894.0,155.0,4.0,735.0,0.005412719891745603,0.0044742729306487695,0.9748427672955975,17,0.9375,IVY
17,894.0,159.0,0.0,735.0,0.0,0.0,1.0,17,1.0,IVY
2,0.0,0.0,0.0,0.0,/0,/0,/0,31,0.03333333333333333,OPENJPA
3,1271.0,38.0,111.0,1122.0,0.0900243309002,0.087332808812,0.255033557047,31,0.06666666666666668,OPENJPA
4,1275.0,69.0,84.0,1122.0,0.0696517412935,0.0658823529412,0.450980392157,31,0.1,OPENJPA
5,1275.0,80.0,73.0,1122.0,0.0610878661088,0.0572549019608,0.522875816993,31,0.13333333333333333,OPENJPA
6,1275.0,100.0,53.0,1122.0,0.0451063829787,0.041568627451,0.653594771242,31,0.16666666666666666,OPENJPA
7,1279.0,119.0,38.0,1122.0,0.0327586206897,0.0297107114934,0.757961783439,31,0.2,OPENJPA
8,1279.0,119.0,38.0,1122.0,0.0327586206897,0.0297107114934,0.757961783439,31,0.2333333333333333,OPENJPA
9,1279.0,135.0,22.0,1122.0,0.0192307692308,0.017200938233,0.859872611465,31,0.26666666666666666,OPENJPA
10,1279.0,143.0,14.0,1122.0,0.012323943662,0.0109460516028,0.910828025478,31,0.3,OPENJPA
11,1279.0,143.0,14.0,1122.0,0.012323943662,0.0109460516028,0.910828025478,31,0.3333333333333333,OPENJPA
12,1279.0,143.0,14.0,1122.0,0.012323943662,0.0109460516028,0.910828025478,31,0.36666666666666653,OPENJPA
13,1279.0,145.0,12.0,1122.0,0.010582010582,0.00938232994527,0.923566878981,31,0.4,OPENJPA
14,1279.0,146.0,11.0,1122.0,0.00970873786408,0.0086004691165,0.929936305732,31,0.43333333333333335,OPENJPA
15,1282.0,157.0,3.0,1122.0,0.00266666666667,0.00234009360374,0.98125,31,0.4666666666666667,OPENJPA
16,1282.0,157.0,3.0,1122.0,0.00266666666667,0.00234009360374,0.98125,31,0.5,OPENJPA
17,1282.0,157.0,3.0,1122.0,0.00266666666667,0.00234009360374,0.98125,31,0.5333333333333333,OPENJPA
18,1282.0,157.0,3.0,1122.0,0.00266666666667,0.00234009360374,0.98125,31,0.5666666666666667,OPENJPA
19,1282.0,158.0,2.0,1122.0,0.0017793594306,0.0015600624025,0.9875,31,0.6,OPENJPA
20,1282.0,158.0,2.0,1122.0,0.0017793594306,0.0015600624025,0.9875,31,0.6333333333333333,OPENJPA
21,1282.0,158.0,2.0,1122.0,0.0017793594306,0.0015600624025,0.9875,31,0.6666666666666666,OPENJPA
22,1282.0,158.0,2.0,1122.0,0.0017793594306,0.0015600624025,0.9875,31,0.7,OPENJPA
23,1282.0,160.0,0.0,1122.0,0.0,0.0,1.0,31,0.7333333333333333,OPENJPA
24,1282.0,160.0,0.0,1122.0,0.0,0.0,1.0,31,0.7666666666666667,OPENJPA
25,1282.0,160.0,0.0,1122.0,0.0,0.0,1.0,31,0.8,OPENJPA
26,1282.0,160.0,0.0,1122.0,0.0,0.0,1.0,31,0.8333333333333334,OPENJPA
27,1282.0,160.0,0.0,1122.0,0.0,0.0,1.0,31,0.8666666666666667,OPENJPA
28,1282.0,160.0,0.0,1122.0,0.0,0.0,1.0,31,0.9,OPENJPA
29,1282.0,160.0,0.0,1122.0,0.0,0.0,1.0,31,0.9333333333333332,OPENJPA
30,1282.0,160.0,0.0,1122.0,0.0,0.0,1.0,31,0.9666666666666668,OPENJPA
31,1282.0,160.0,0.0,1122.0,0.0,0.0,1.0,31,1.0,OPENJPA
2,0.0,0.0,0.0,0.0,/0,/0,/0,51,0.02,PROTON
3,442.0,14.0,3.0,425.0,0.00700934579439,0.00678733031674,0.823529411765,51,0.04,PROTON
4,545.0,47.0,27.0,471.0,0.0542168674699,0.0495412844037,0.635135135135,51,0.06,PROTON
5,560.0,85.0,4.0,471.0,0.00842105263158,0.00714285714286,0.955056179775,51,0.08,PROTON
6,560.0,85.0,4.0,471.0,0.00842105263158,0.00714285714286,0.955056179775,51,0.1,PROTON
7,560.0,85.0,4.0,471.0,0.00842105263158,0.00714285714286,0.955056179775,51,0.12,PROTON
8,560.0,85.0,4.0,471.0,0.00842105263158,0.00714285714286,0.955056179775,51,0.14,PROTON
9,560.0,85.0,4.0,471.0,0.00842105263158,0.00714285714286,0.955056179775,51,0.16,PROTON
10,560.0,85.0,4.0,471.0,0.00842105263158,0.00714285714286,0.955056179775,51,0.18,PROTON
11,560.0,85.0,4.0,471.0,0.00842105263158,0.00714285714286,0.955056179775,51,0.2,PROTON
12,561.0,87.0,3.0,471.0,0.00632911392405,0.00534759358289,0.966666666667,51,0.22,PROTON
13,561.0,87.0,3.0,471.0,0.00632911392405,0.00534759358289,0.966666666667,51,0.24,PROTON
14,564.0,93.0,0.0,471.0,0.0,0.0,1.0,51,0.26,PROTON
15,564.0,93.0,0.0,471.0,0.0,0.0,1.0,51,0.28,PROTON
16,564.0,93.0,0.0,471.0,0.0,0.0,1.0,51,0.3,PROTON
17,564.0,93.0,0.0,471.0,0.0,0.0,1.0,51,0.32,PROTON
18,564.0,93.0,0.0,471.0,0.0,0.0,1.0,51,0.34,PROTON
19,564.0,93.0,0.0,471.0,0.0,0.0,1.0,51,0.36,PROTON
20,564.0,93.0,0.0,471.0,0.0,0.0,1.0,51,0.38,PROTON
21,564.0,93.0,0.0,471.0,0.0,0.0,1.0,51,0.4,PROTON
22,564.0,93.0,0.0,471.0,0.0,0.0,1.0,51,0.42,PROTON
23,564.0,93.0,0.0,471.0,0.0,0.0,1.0,51,0.44,PROTON
24,564.0,93.0,0.0,471.0,0.0,0.0,1.0,51,0.46,PROTON
25,564.0,93.0,0.0,471.0,0.0,0.0,1.0,51,0.48,PROTON
26,564.0,93.0,0.0,471.0,0.0,0.0,1.0,51,0.5,PROTON
27,564.0,93.0,0.0,471.0,0.0,0.0,1.0,51,0.52,PROTON
28,564.0,93.0,0.0,471.0,0.0,0.0,1.0,51,0.54,PROTON
29,564.0,93.0,0.0,471.0,0.0,0.0,1.0,51,0.56,PROTON
30,564.0,93.0,0.0,471.0,0.0,0.0,1.0,51,0.58,PROTON
31,564.0,93.0,0.0,471.0,0.0,0.0,1.0,51,0.6,PROTON
32,564.0,93.0,0.0,471.0,0.0,0.0,1.0,51,0.62,PROTON
33,564.0,93.0,0.0,471.0,0.0,0.0,1.0,51,0.64,PROTON
34,564.0,93.0,0.0,471.0,0.0,0.0,1.0,51,0.66,PROTON
35,564.0,93.0,0.0,471.0,0.0,0.0,1.0,51,0.68,PROTON
36,564.0,93.0,0.0,471.0,0.0,0.0,1.0,51,0.7,PROTON
37,564.0,93.0,0.0,471.0,0.0,0.0,1.0,51,0.72,PROTON
38,564.0,93.0,0.0,471.0,0.0,0.0,1.0,51,0.74,PROTON
39,564.0,93.0,0.0,471.0,0.0,0.0,1.0,51,0.76,PROTON
40,564.0,93.0,0.0,471.0,0.0,0.0,1.0,51,0.78,PROTON
41,564.0,93.0,0.0,471.0,0.0,0.0,1.0,51,0.8,PROTON
42,564.0,93.0,0.0,471.0,0.0,0.0,1.0,51,0.82,PROTON
43,564.0,93.0,0.0,471.0,0.0,0.0,1.0,51,0.84,PROTON
44,564.0,93.0,0.0,471.0,0.0,0.0,1.0,51,0.86,PROTON
45,564.0,93.0,0.0,471.0,0.0,0.0,1.0,51,0.88,PROTON
46,564.0,93.0,0.0,471.0,0.0,0.0,1.0,51,0.9,PROTON
47,564.0,93.0,0.0,471.0,0.0,0.0,1.0,51,0.92,PROTON
48,564.0,93.0,0.0,471.0,0.0,0.0,1.0,51,0.94,PROTON
49,564.0,93.0,0.0,471.0,0.0,0.0,1.0,51,0.96,PROTON
50,564.0,93.0,0.0,471.0,0.0,0.0,1.0,51,0.98,PROTON
51,564.0,93.0,0.0,471.0,0.0,0.0,1.0,51,1.0,PROTON
2,0.0,0.0,0.0,0.0,/0,/0,/0,26,0.04,SSHD
3,126.0,17.0,26.0,83.0,0.238532110092,0.206349206349,0.395348837209,26,0.08,SSHD
4,126.0,19.0,24.0,83.0,0.224299065421,0.190476190476,0.441860465116,26,0.12,SSHD
5,126.0,19.0,24.0,83.0,0.224299065421,0.190476190476,0.441860465116,26,0.16,SSHD
6,126.0,20.0,23.0,83.0,0.216981132075,0.18253968254,0.46511627907,26,0.2,SSHD
7,126.0,24.0,19.0,83.0,0.186274509804,0.150793650794,0.558139534884,26,0.24,SSHD
8,126.0,24.0,19.0,83.0,0.186274509804,0.150793650794,0.558139534884,26,0.28,SSHD
9,126.0,34.0,9.0,83.0,0.0978260869565,0.0714285714286,0.790697674419,26,0.32,SSHD
10,126.0,37.0,6.0,83.0,0.0674157303371,0.047619047619,0.860465116279,26,0.36,SSHD
11,126.0,37.0,6.0,83.0,0.0674157303371,0.047619047619,0.860465116279,26,0.4,SSHD
12,126.0,37.0,6.0,83.0,0.0674157303371,0.047619047619,0.860465116279,26,0.44,SSHD
13,126.0,37.0,6.0,83.0,0.0674157303371,0.047619047619,0.860465116279,26,0.48,SSHD
14,126.0,38.0,5.0,83.0,0.0568181818182,0.0396825396825,0.883720930233,26,0.52,SSHD
15,126.0,38.0,5.0,83.0,0.0568181818182,0.0396825396825,0.883720930233,26,0.56,SSHD
16,127.0,40.0,4.0,83.0,0.0459770114943,0.0314960629921,0.909090909091,26,0.6,SSHD
17,131.0,48.0,0.0,83.0,0.0,0.0,1.0,26,0.64,SSHD
18,131.0,48.0,0.0,83.0,0.0,0.0,1.0,26,0.68,SSHD
19,131.0,48.0,0.0,83.0,0.0,0.0,1.0,26,0.72,SSHD
20,131.0,48.0,0.0,83.0,0.0,0.0,1.0,26,0.76,SSHD
21,131.0,48.0,0.0,83.0,0.0,0.0,1.0,26,0.8,SSHD
22,131.0,48.0,0.0,83.0,0.0,0.0,1.0,26,0.84,SSHD
23,131.0,48.0,0.0,83.0,0.0,0.0,1.0,26,0.88,SSHD
24,131.0,48.0,0.0,83.0,0.0,0.0,1.0,26,0.92,SSHD
25,131.0,48.0,0.0,83.0,0.0,0.0,1.0,26,0.96,SSHD
26,131.0,48.0,0.0,83.0,0.0,0.0,1.0,26,1.0,SSHD
2,0.0,0.0,0.0,0.0,/0,/0,/0,36,0.028571428571428567,STORM
3,449.0,0.0,95.0,354.0,0.211581291759,0.211581291759,0.0,36,0.057142857142857134,STORM
4,449.0,0.0,95.0,354.0,0.211581291759,0.211581291759,0.0,36,0.08571428571428573,STORM
5,449.0,0.0,95.0,354.0,0.211581291759,0.211581291759,0.0,36,0.11428571428571427,STORM
6,449.0,0.0,95.0,354.0,0.211581291759,0.211581291759,0.0,36,0.14285714285714285,STORM
7,453.0,8.0,91.0,354.0,0.204494382022,0.200883002208,0.0808080808081,36,0.17142857142857146,STORM
8,472.0,33.0,85.0,354.0,0.193621867882,0.180084745763,0.279661016949,36,0.2,STORM
9,472.0,58.0,60.0,354.0,0.144927536232,0.127118644068,0.491525423729,36,0.22857142857142854,STORM
10,475.0,65.0,56.0,354.0,0.136585365854,0.117894736842,0.537190082645,36,0.2571428571428571,STORM
11,475.0,65.0,56.0,354.0,0.136585365854,0.117894736842,0.537190082645,36,0.2857142857142857,STORM
12,475.0,65.0,56.0,354.0,0.136585365854,0.117894736842,0.537190082645,36,0.3142857142857143,STORM
13,475.0,91.0,30.0,354.0,0.078125,0.0631578947368,0.752066115702,36,0.3428571428571429,STORM
14,476.0,92.0,30.0,354.0,0.078125,0.063025210084,0.754098360656,36,0.37142857142857133,STORM
15,476.0,92.0,30.0,354.0,0.078125,0.063025210084,0.754098360656,36,0.4,STORM
16,476.0,92.0,30.0,354.0,0.078125,0.063025210084,0.754098360656,36,0.42857142857142855,STORM
17,482.0,103.0,25.0,354.0,0.065963060686,0.051867219917,0.8046875,36,0.4571428571428571,STORM
18,482.0,103.0,25.0,354.0,0.065963060686,0.051867219917,0.8046875,36,0.4857142857142857,STORM
19,501.0,147.0,0.0,354.0,0.0,0.0,1.0,36,0.5142857142857142,STORM
20,501.0,147.0,0.0,354.0,0.0,0.0,1.0,36,0.5428571428571428,STORM
21,501.0,147.0,0.0,354.0,0.0,0.0,1.0,36,0.5714285714285714,STORM
22,508.0,154.0,0.0,354.0,0.0,0.0,1.0,36,0.6,STORM
23,508.0,154.0,0.0,354.0,0.0,0.0,1.0,36,0.6285714285714286,STORM
24,509.0,155.0,0.0,354.0,0.0,0.0,1.0,36,0.6571428571428571,STORM
25,526.0,172.0,0.0,354.0,0.0,0.0,1.0,36,0.6857142857142857,STORM
26,533.0,179.0,0.0,354.0,0.0,0.0,1.0,36,0.7142857142857143,STORM
27,543.0,189.0,0.0,354.0,0.0,0.0,1.0,36,0.7428571428571429,STORM
28,543.0,189.0,0.0,354.0,0.0,0.0,1.0,36,0.7714285714285715,STORM
29,547.0,193.0,0.0,354.0,0.0,0.0,1.0,36,0.8,STORM
30,550.0,196.0,0.0,354.0,0.0,0.0,1.0,36,0.8285714285714286,STORM
31,550.0,196.0,0.0,354.0,0.0,0.0,1.0,36,0.8571428571428571,STORM
32,550.0,196.0,0.0,354.0,0.0,0.0,1.0,36,0.8857142857142857,STORM
33,572.0,218.0,0.0,354.0,0.0,0.0,1.0,36,0.9142857142857144,STORM
34,697.0,343.0,0.0,354.0,0.0,0.0,1.0,36,0.9428571428571428,STORM
35,697.0,343.0,0.0,354.0,0.0,0.0,1.0,36,0.9714285714285714,STORM
36,745.0,391.0,0.0,354.0,0.0,0.0,1.0,36,1.0,STORM
2,0.0,0.0,0.0,0.0,/0,/0,/0,12,0.09090909090909093,THRIFT
3,159.0,9.0,37.0,113.0,0.24666666666666667,0.23270440251572327,0.1956521739130435,12,0.18181818181818185,THRIFT
4,320.0,23.0,66.0,231.0,0.2222222222222222,0.20625,0.25842696629213485,12,0.2727272727272727,THRIFT
5,320.0,25.0,64.0,231.0,0.21694915254237288,0.2,0.2808988764044944,12,0.3636363636363637,THRIFT
6,320.0,30.0,59.0,231.0,0.20344827586206896,0.184375,0.33707865168539325,12,0.4545454545454545,THRIFT
7,320.0,42.0,47.0,231.0,0.16906474820143885,0.146875,0.47191011235955055,12,0.5454545454545454,THRIFT
8,320.0,70.0,19.0,231.0,0.076,0.059375,0.7865168539325843,12,0.6363636363636364,THRIFT
9,320.0,77.0,12.0,231.0,0.04938271604938271,0.0375,0.8651685393258427,12,0.7272727272727273,THRIFT
10,320.0,77.0,12.0,231.0,0.04938271604938271,0.0375,0.8651685393258427,12,0.8181818181818182,THRIFT
11,320.0,77.0,12.0,231.0,0.04938271604938271,0.0375,0.8651685393258427,12,0.9090909090909092,THRIFT
12,321.0,90.0,0.0,231.0,0.0,0.0,1.0,12,1.0,THRIFT
2,0.0,0.0,0.0,0.0,/0,/0,/0,22,0.047619047619047616,TOMEE
3,4366.0,132.0,106.0,4128.0,0.0250354274917,0.0242785158039,0.554621848739,22,0.09523809523809523,TOMEE
4,4366.0,142.0,96.0,4128.0,0.0227272727273,0.0219880897847,0.596638655462,22,0.14285714285714285,TOMEE
5,4366.0,142.0,96.0,4128.0,0.0227272727273,0.0219880897847,0.596638655462,22,0.19047619047619047,TOMEE
6,4368.0,150.0,90.0,4128.0,0.0213371266003,0.0206043956044,0.625,22,0.2380952380952381,TOMEE
7,4368.0,152.0,88.0,4128.0,0.0208728652751,0.0201465201465,0.633333333333,22,0.2857142857142857,TOMEE
8,4368.0,167.0,73.0,4128.0,0.017376815044,0.0167124542125,0.695833333333,22,0.3333333333333333,TOMEE
9,4370.0,181.0,61.0,4128.0,0.0145619479589,0.0139588100686,0.747933884298,22,0.3809523809523809,TOMEE
10,4370.0,201.0,41.0,4128.0,0.0098344926841,0.00938215102975,0.830578512397,22,0.42857142857142855,TOMEE
11,4370.0,201.0,41.0,4128.0,0.0098344926841,0.00938215102975,0.830578512397,22,0.4761904761904762,TOMEE
12,4370.0,201.0,41.0,4128.0,0.0098344926841,0.00938215102975,0.830578512397,22,0.5238095238095238,TOMEE
13,4370.0,203.0,39.0,4128.0,0.0093592512599,0.00892448512586,0.838842975207,22,0.5714285714285714,TOMEE
14,4370.0,206.0,36.0,4128.0,0.00864553314121,0.00823798627002,0.851239669421,22,0.6190476190476191,TOMEE
15,4370.0,226.0,16.0,4128.0,0.003861003861,0.00366132723112,0.933884297521,22,0.6666666666666666,TOMEE
16,4370.0,227.0,15.0,4128.0,0.00362056480811,0.00343249427918,0.938016528926,22,0.7142857142857143,TOMEE
17,4373.0,235.0,10.0,4128.0,0.00241662638956,0.00228675966156,0.959183673469,22,0.7619047619047619,TOMEE
18,4373.0,235.0,10.0,4128.0,0.00241662638956,0.00228675966156,0.959183673469,22,0.8095238095238095,TOMEE
19,4373.0,238.0,7.0,4128.0,0.00169286577993,0.00160073176309,0.971428571429,22,0.8571428571428571,TOMEE
20,4373.0,238.0,7.0,4128.0,0.00169286577993,0.00160073176309,0.971428571429,22,0.9047619047619048,TOMEE
21,4373.0,244.0,1.0,4128.0,0.000242189392105,0.000228675966156,0.995918367347,22,0.9523809523809524,TOMEE
22,4373.0,245.0,0.0,4128.0,0.0,0.0,1.0,22,1.0,TOMEE
2,0.0,0.0,0.0,0.0,/0,/0,/0,8,0.14285714285714285,WHIRR
3,181.0,1.0,9.0,171.0,0.05,0.049723756906077346,0.1,8,0.2857142857142857,WHIRR
4,350.0,15.0,7.0,328.0,0.020895522388059702,0.02,0.6818181818181818,8,0.42857142857142855,WHIRR
5,350.0,18.0,4.0,328.0,0.012048192771084338,0.011428571428571429,0.8181818181818182,8,0.5714285714285714,WHIRR
6,350.0,22.0,0.0,328.0,0.0,0.0,1.0,8,0.7142857142857143,WHIRR
7,350.0,22.0,0.0,328.0,0.0,0.0,1.0,8,0.8571428571428571,WHIRR
8,350.0,22.0,0.0,328.0,0.0,0.0,1.0,8,1.0,WHIRR
2,0.0,0.0,0.0,0.0,/0,/0,/0,14,0.07692307692307693,ZEPPELIN
3,177.0,35.0,17.0,125.0,0.11971830985915492,0.096045197740113,0.6730769230769231,14,0.15384615384615385,ZEPPELIN
4,356.0,63.0,37.0,256.0,0.12627986348122866,0.10393258426966293,0.63,14,0.2307692307692308,ZEPPELIN
5,356.0,72.0,28.0,256.0,0.09859154929577464,0.07865168539325842,0.72,14,0.3076923076923077,ZEPPELIN
6,356.0,73.0,27.0,256.0,0.09540636042402827,0.07584269662921349,0.73,14,0.38461538461538464,ZEPPELIN
7,357.0,88.0,13.0,256.0,0.048327137546468404,0.036414565826330535,0.8712871287128713,14,0.4615384615384616,ZEPPELIN
8,357.0,91.0,10.0,256.0,0.03759398496240601,0.028011204481792718,0.900990099009901,14,0.5384615384615384,ZEPPELIN
9,357.0,91.0,10.0,256.0,0.03759398496240601,0.028011204481792718,0.900990099009901,14,0.6153846153846154,ZEPPELIN
10,357.0,95.0,6.0,256.0,0.022900763358778626,0.01680672268907563,0.9405940594059405,14,0.6923076923076923,ZEPPELIN
11,362.0,106.0,0.0,256.0,0.0,0.0,1.0,14,0.7692307692307693,ZEPPELIN
12,362.0,106.0,0.0,256.0,0.0,0.0,1.0,14,0.8461538461538461,ZEPPELIN
13,362.0,106.0,0.0,256.0,0.0,0.0,1.0,14,0.9230769230769232,ZEPPELIN
14,364.0,108.0,0.0,256.0,0.0,0.0,1.0,14,1.0,ZEPPELIN
2,0.0,0.0,0.0,0.0,/0,/0,/0,49,0.02083333333333333,ZOOKEEPER
3,354.0,0.0,69.0,285.0,0.194915254237,0.194915254237,0.0,49,0.04166666666666666,ZOOKEEPER
4,668.0,72.0,82.0,514.0,0.137583892617,0.122754491018,0.467532467532,49,0.0625,ZOOKEEPER
5,668.0,74.0,80.0,514.0,0.13468013468,0.119760479042,0.480519480519,49,0.08333333333333333,ZOOKEEPER
6,668.0,74.0,80.0,514.0,0.13468013468,0.119760479042,0.480519480519,49,0.10416666666666667,ZOOKEEPER
7,668.0,74.0,80.0,514.0,0.13468013468,0.119760479042,0.480519480519,49,0.125,ZOOKEEPER
8,668.0,74.0,80.0,514.0,0.13468013468,0.119760479042,0.480519480519,49,0.14583333333333334,ZOOKEEPER
9,668.0,74.0,80.0,514.0,0.13468013468,0.119760479042,0.480519480519,49,0.16666666666666666,ZOOKEEPER
10,668.0,74.0,80.0,514.0,0.13468013468,0.119760479042,0.480519480519,49,0.1875,ZOOKEEPER
11,669.0,76.0,79.0,514.0,0.133220910624,0.118086696562,0.490322580645,49,0.20833333333333331,ZOOKEEPER
12,669.0,76.0,79.0,514.0,0.133220910624,0.118086696562,0.490322580645,49,0.22916666666666666,ZOOKEEPER
13,670.0,84.0,72.0,514.0,0.122866894198,0.107462686567,0.538461538462,49,0.25,ZOOKEEPER
14,670.0,90.0,66.0,514.0,0.113793103448,0.0985074626866,0.576923076923,49,0.2708333333333333,ZOOKEEPER
15,670.0,90.0,66.0,514.0,0.113793103448,0.0985074626866,0.576923076923,49,0.2916666666666667,ZOOKEEPER
16,670.0,96.0,60.0,514.0,0.104529616725,0.089552238806,0.615384615385,49,0.3125,ZOOKEEPER
17,670.0,96.0,60.0,514.0,0.104529616725,0.089552238806,0.615384615385,49,0.3333333333333333,ZOOKEEPER
18,671.0,102.0,55.0,514.0,0.0966608084359,0.0819672131148,0.649681528662,49,0.3541666666666667,ZOOKEEPER
19,672.0,104.0,54.0,514.0,0.0950704225352,0.0803571428571,0.658227848101,49,0.375,ZOOKEEPER
20,672.0,104.0,54.0,514.0,0.0950704225352,0.0803571428571,0.658227848101,49,0.3958333333333333,ZOOKEEPER
21,672.0,104.0,54.0,514.0,0.0950704225352,0.0803571428571,0.658227848101,49,0.4166666666666667,ZOOKEEPER
22,672.0,106.0,52.0,514.0,0.0918727915194,0.077380952381,0.670886075949,49,0.4375,ZOOKEEPER
23,672.0,106.0,52.0,514.0,0.0918727915194,0.077380952381,0.670886075949,49,0.4583333333333333,ZOOKEEPER
24,676.0,130.0,32.0,514.0,0.0586080586081,0.0473372781065,0.802469135802,49,0.4791666666666667,ZOOKEEPER
25,676.0,148.0,14.0,514.0,0.0265151515152,0.0207100591716,0.913580246914,49,0.5,ZOOKEEPER
26,678.0,154.0,10.0,514.0,0.0190839694656,0.0147492625369,0.939024390244,49,0.5208333333333334,ZOOKEEPER
27,678.0,154.0,10.0,514.0,0.0190839694656,0.0147492625369,0.939024390244,49,0.5416666666666666,ZOOKEEPER
28,678.0,154.0,10.0,514.0,0.0190839694656,0.0147492625369,0.939024390244,49,0.5625,ZOOKEEPER
29,678.0,154.0,10.0,514.0,0.0190839694656,0.0147492625369,0.939024390244,49,0.5833333333333334,ZOOKEEPER
30,678.0,154.0,10.0,514.0,0.0190839694656,0.0147492625369,0.939024390244,49,0.6041666666666666,ZOOKEEPER
31,678.0,154.0,10.0,514.0,0.0190839694656,0.0147492625369,0.939024390244,49,0.625,ZOOKEEPER
32,678.0,154.0,10.0,514.0,0.0190839694656,0.0147492625369,0.939024390244,49,0.6458333333333334,ZOOKEEPER
33,678.0,160.0,4.0,514.0,0.00772200772201,0.00589970501475,0.975609756098,49,0.6666666666666666,ZOOKEEPER
34,678.0,160.0,4.0,514.0,0.00772200772201,0.00589970501475,0.975609756098,49,0.6875,ZOOKEEPER
35,678.0,160.0,4.0,514.0,0.00772200772201,0.00589970501475,0.975609756098,49,0.7083333333333334,ZOOKEEPER
36,678.0,160.0,4.0,514.0,0.00772200772201,0.00589970501475,0.975609756098,49,0.7291666666666666,ZOOKEEPER
37,678.0,160.0,4.0,514.0,0.00772200772201,0.00589970501475,0.975609756098,49,0.75,ZOOKEEPER
38,678.0,160.0,4.0,514.0,0.00772200772201,0.00589970501475,0.975609756098,49,0.7708333333333334,ZOOKEEPER
39,678.0,162.0,2.0,514.0,0.00387596899225,0.00294985250737,0.987804878049,49,0.7916666666666666,ZOOKEEPER
40,678.0,162.0,2.0,514.0,0.00387596899225,0.00294985250737,0.987804878049,49,0.8125,ZOOKEEPER
41,678.0,162.0,2.0,514.0,0.00387596899225,0.00294985250737,0.987804878049,49,0.8333333333333334,ZOOKEEPER
42,678.0,164.0,0.0,514.0,0.0,0.0,1.0,49,0.8541666666666666,ZOOKEEPER
43,678.0,164.0,0.0,514.0,0.0,0.0,1.0,49,0.875,ZOOKEEPER
44,678.0,164.0,0.0,514.0,0.0,0.0,1.0,49,0.8958333333333334,ZOOKEEPER
45,678.0,164.0,0.0,514.0,0.0,0.0,1.0,49,0.9166666666666666,ZOOKEEPER
46,678.0,164.0,0.0,514.0,0.0,0.0,1.0,49,0.9375,ZOOKEEPER
47,690.0,176.0,0.0,514.0,0.0,0.0,1.0,49,0.9583333333333334,ZOOKEEPER
48,690.0,176.0,0.0,514.0,0.0,0.0,1.0,49,0.9791666666666666,ZOOKEEPER
49,690.0,176.0,0.0,514.0,0.0,0.0,1.0,49,1.0,ZOOKEEPER
